{
  "Store": 0.01939200483185243,
  "DayOfWeek": 0.033756672174831456,
  "Date": 0.021419232963559184,
  "Open": 0.54331113731068,
  "Promo": 0.09525614055735188,
  "StateHoliday": 1.2397473659928808e-05,
  "SchoolHoliday": 0.002773483779611378,
  "Week_Number": 0.014182700607960789,
  "Day": 0.023143296190955367,
  "Month": 0.003863310046282814,
  "weekday": 0.005634501387266356,
  "day_of_year": 0.023916551446441756,
  "StoreType": 0.0057918894509160984,
  "Assortment": 0.14625930706879808,
  "CompetitionDistance": 0.008570198620850431,
  "CompetitionOpenSinceMonth": 0.0039526188519528075,
  "CompetitionOpenSinceYear": 0.029904583094743625,
  "Promo2": 0.0011694918516003835,
  "Promo2SinceWeek": 0.009818662049694265,
  "Promo2SinceYear": 0.006826150280674956,
  "PromoInterval": 0.0010456699603158415
}