{
  "Store": 0.0036699589582756533,
  "DayOfWeek": 0.003648861439266307,
  "Date": 0.0032536543157216332,
  "Customers": 0.9236718636178838,
  "Open": 0.0119751396325909,
  "Promo": 0.011737063253555894,
  "StateHoliday": 2.146709319701751e-06,
  "SchoolHoliday": 0.0003965658473725287,
  "Week_Number": 0.001330216974693673,
  "Day": 0.0025892797605986677,
  "Month": 0.0006508416225008919,
  "weekday": 0.00016740173157731513,
  "day_of_year": 0.0021209810280702185,
  "StoreType": 6.763029839784247e-05,
  "Assortment": 0.0010513376405812426,
  "CompetitionDistance": 0.015400438213346818,
  "CompetitionOpenSinceMonth": 0.003943785071983863,
  "CompetitionOpenSinceYear": 0.013327529709729205,
  "Promo2": 8.210708481651956e-05,
  "Promo2SinceWeek": 0.0005947815864575191,
  "Promo2SinceYear": 0.0002265479725497184,
  "PromoInterval": 9.186753071010636e-05
}