{
  "Store": 0.0019099146694668036,
  "DayOfWeek": 0.00343199939429826,
  "Date": 0.0032974127636435854,
  "Customers": 0.9270449159532888,
  "Open": 0.010695552931180614,
  "Promo": 0.013017153506465626,
  "StateHoliday": 9.213951494487722e-07,
  "SchoolHoliday": 0.000295726860420794,
  "Week_Number": 0.0019528242996955595,
  "Day": 0.0026347577746927177,
  "Month": 0.0006371831649127219,
  "weekday": 0.00021301188733714206,
  "day_of_year": 0.0021107369861572585,
  "StoreType": 7.130447245998873e-05,
  "Assortment": 0.0009789414984061938,
  "CompetitionDistance": 0.01244774643402437,
  "CompetitionOpenSinceMonth": 0.004577658825191879,
  "CompetitionOpenSinceYear": 0.0138051059341452,
  "Promo2": 7.576469006712824e-05,
  "Promo2SinceWeek": 0.00016765826691904129,
  "Promo2SinceYear": 0.000489181244503816,
  "PromoInterval": 0.00014452704757326388
}