{
  "Store": 0.02505826984187918,
  "DayOfWeek": 0.03562731131867517,
  "Date": 0.020941758884683994,
  "Open": 0.5514038353545466,
  "Promo": 0.09572644432611296,
  "StateHoliday": 0.0,
  "SchoolHoliday": 0.0025844973957677873,
  "Week_Number": 0.010870573599093816,
  "Day": 0.02186629221683468,
  "Month": 0.0032700082840180725,
  "weekday": 0.0059907251464284125,
  "day_of_year": 0.01991528776093121,
  "StoreType": 0.008369389802808082,
  "Assortment": 0.14359908421990691,
  "CompetitionDistance": 0.007024410063476043,
  "CompetitionOpenSinceMonth": 0.002785235442851998,
  "CompetitionOpenSinceYear": 0.026043776492436672,
  "Promo2": 0.0013766535655931286,
  "Promo2SinceWeek": 0.0064622678835344885,
  "Promo2SinceYear": 0.010464642785148394,
  "PromoInterval": 0.000619535615272556
}