{
  "Store": 0.02963245500850818,
  "DayOfWeek": 0.03444542361534431,
  "Date": 0.022553420935078596,
  "Open": 0.5445612586310964,
  "Promo": 0.09910138449190488,
  "StateHoliday": 0.00033995408638490753,
  "SchoolHoliday": 0.0028179589412965582,
  "Week_Number": 0.012180922522190241,
  "Day": 0.02272006412095469,
  "Month": 0.0026608870970885744,
  "weekday": 0.0046246541421066,
  "day_of_year": 0.023779266916903435,
  "StoreType": 0.00732111519195691,
  "Assortment": 0.14289145703760772,
  "CompetitionDistance": 0.005684755874466578,
  "CompetitionOpenSinceMonth": 0.004407762181408939,
  "CompetitionOpenSinceYear": 0.01854115699668826,
  "Promo2": 0.0005961172381025144,
  "Promo2SinceWeek": 0.011464183242375267,
  "Promo2SinceYear": 0.00898846639905116,
  "PromoInterval": 0.0006873353294854565
}