{
  "Store": 0.0018511641329069708,
  "DayOfWeek": 0.004410347290372851,
  "Date": 0.003588726124198402,
  "Customers": 0.9265455654463496,
  "Open": 0.01058351749959888,
  "Promo": 0.013792763132762412,
  "StateHoliday": 1.3550047740222998e-05,
  "SchoolHoliday": 0.0003394671246834445,
  "Week_Number": 0.0012630774091222743,
  "Day": 0.0021090218504640473,
  "Month": 0.0006633334588284855,
  "weekday": 0.00029045890068487835,
  "day_of_year": 0.002689488667125455,
  "StoreType": 0.0001370702973772606,
  "Assortment": 0.0024634090051483732,
  "CompetitionDistance": 0.011366467750153753,
  "CompetitionOpenSinceMonth": 0.0034835795294737544,
  "CompetitionOpenSinceYear": 0.013648662976827569,
  "Promo2": 0.00013831777671632477,
  "Promo2SinceWeek": 0.00029055928428723136,
  "Promo2SinceYear": 0.00014693944917963967,
  "PromoInterval": 0.00018451284599810502
}