{
  "Store": 0.016517795341510426,
  "DayOfWeek": 0.00496559031092577,
  "Date": 0.00374349319946144,
  "Customers": 0.8571082098191087,
  "Open": 0.0,
  "Promo": 0.01805487376037301,
  "StateHoliday": 9.849993834467232e-05,
  "SchoolHoliday": 0.0003083360173520336,
  "Week_Number": 0.0012862961830381403,
  "Day": 0.002551578466297496,
  "Month": 0.0005599884028513036,
  "weekday": 0.0003374042265705154,
  "day_of_year": 0.0028676010317993206,
  "StoreType": 0.03354583230221651,
  "Assortment": 0.005703664876185996,
  "CompetitionDistance": 0.02841124720704453,
  "CompetitionOpenSinceMonth": 0.005192359164313503,
  "CompetitionOpenSinceYear": 0.0059558608085692605,
  "Promo2": 0.0002866596822887363,
  "Promo2SinceWeek": 0.007074768497775314,
  "Promo2SinceYear": 0.002919805957400812,
  "PromoInterval": 0.0025101348065726383
}