{
  "Store": 0.003250082047541672,
  "DayOfWeek": 0.003620443367094971,
  "Date": 0.003466530612476404,
  "Customers": 0.9235200981284644,
  "Open": 0.014913779861809907,
  "Promo": 0.012270620748906476,
  "StateHoliday": 4.240675692754355e-07,
  "SchoolHoliday": 0.00028787787963261503,
  "Week_Number": 0.0017289766926267616,
  "Day": 0.0025234358647994387,
  "Month": 0.0004821693566143908,
  "weekday": 0.00022413515668571142,
  "day_of_year": 0.00226161089162992,
  "StoreType": 0.00017462981886353838,
  "Assortment": 0.0003436977313773609,
  "CompetitionDistance": 0.012836105187829771,
  "CompetitionOpenSinceMonth": 0.0036652628749813143,
  "CompetitionOpenSinceYear": 0.013759959921756349,
  "Promo2": 7.295798862724521e-05,
  "Promo2SinceWeek": 0.0003079610897994125,
  "Promo2SinceYear": 0.00020046797455947838,
  "PromoInterval": 8.877273635357535e-05
}